0, 0.0
1, 0.0
2, 0.0
3, 0.0
4, 0.0
5, 0.0
6, 0.0
7, 0.0
8, 0.0
9, 0.0
10, 0.0
11, 0.0
12, 0.0
13, 0.0
14, 0.0
15, 0.0
16, 0.0
17, 0.0
18, 0.0
19, 0.0
20, 0.0
21, 0.0
22, 0.0
23, 0.0
24, 0.0
25, 0.0
26, 0.0
27, 0.0
28, 1.0
29, 0.0
30, 0.0
31, 0.0
32, 0.0
33, 0.0
34, 0.0
35, 0.0
36, 0.0
37, 0.0
38, 0.0
39, 0.0
40, 0.0
41, 0.0
42, 0.0
43, 0.0
44, 0.0
45, 0.0
46, 0.0
47, 1.0
48, 0.0
49, 0.0
50, 0.0
51, 0.0
52, 0.0
53, 0.0
54, 0.0
55, 0.0
56, 0.0
57, 0.0
58, 0.0
59, 0.0
60, 0.0
61, 0.0
62, 0.0
63, 1.0
64, 0.0
65, 0.0
66, 0.0
67, 0.0
68, 0.0
69, 0.0
70, 0.0
71, 0.0
72, 1.0
73, 0.0
74, 0.0
75, 0.0
76, 0.0
77, 0.0
78, 0.0
79, 0.0
80, 0.0
81, 0.0
82, 0.0
83, 0.0
84, 0.0
85, 0.0
86, 0.0
87, 1.0
88, 0.0
89, 0.0
90, 0.0
91, 0.0
92, 0.0
93, 0.0
94, 0.0
95, 0.0
96, 0.0
97, 0.0
98, 0.0
99, 0.0
100, 0.0
101, 0.0
102, 0.0
103, 0.0
104, 0.0
105, 1.0
106, 0.0
107, 0.0
108, 0.0
109, 0.0
110, 0.0
111, 0.0
112, 0.0
113, 0.0
114, 0.0
115, 0.0
116, 0.0
117, 0.0
118, 0.0
119, 1.0
120, 0.0
121, 0.0
122, 0.0
123, 0.0
124, 0.0
125, 0.0
126, 0.0
127, 0.0
128, 0.0
129, 0.0
130, 0.0
131, 0.0
132, 1.0
133, 0.0
134, 0.0
135, 0.0
136, 0.0
137, 0.0
138, 0.0
139, 0.0
140, 0.0
141, 0.0
142, 1.0
143, 0.0
144, 0.0
145, 0.0
146, 0.0
147, 0.0
148, 0.0
149, 0.0
150, 1.0
151, 0.0
152, 0.0
153, 0.0
154, 0.0
155, 0.0
156, 0.0
157, 1.0
158, 0.0
159, 0.0
160, 0.0
161, 0.0
162, 0.0
163, 0.0
164, 1.0
165, 0.0
166, 0.0
167, 0.0
168, 0.0
169, 1.0
170, 0.0
171, 0.0
172, 0.0
173, 0.0
174, 0.0
175, 1.0
176, 0.0
177, 0.0
178, 0.0
179, 0.0
180, 1.0
181, 0.0
182, 0.0
183, 0.0
184, 0.0
185, 1.0
186, 0.0
187, 0.0
188, 0.0
189, 1.0
190, 0.0
191, 0.0
192, 0.0
193, 1.0
194, 0.0
195, 0.0
196, 0.0
197, 1.0
198, 0.0
199, 0.0
200, 1.0
201, 0.0
202, 0.0
203, 0.0
204, 1.0
205, 0.0
206, 0.0
207, 1.0
208, 0.0
209, 0.0
210, 0.0
211, 1.0
212, 0.0
213, 0.0
214, 1.0
215, 0.0
216, 0.0
217, 1.0
218, 0.0
219, 0.0
220, 1.0
221, 0.0
222, 1.0
223, 0.0
224, 0.0
225, 1.0
226, 0.0
227, 0.0
228, 1.0
229, 0.0
230, 1.0
231, 0.0
232, 0.0
233, 1.0
234, 0.0
235, 1.0
236, 0.0
237, 1.0
238, 0.0
239, 0.0
240, 1.0
241, 0.0
242, 1.0
243, 0.0
244, 1.0
245, 0.0
246, 1.0
247, 0.0
248, 1.0
249, 0.0
250, 1.0
251, 0.0
252, 1.0
253, 0.0
254, 1.0
255, 0.0
256, 1.0
257, 0.0
258, 1.0
259, 0.0
260, 1.0
261, 1.0
262, 0.0
263, 1.0
264, 0.0
265, 1.0
266, 0.0
267, 1.0
268, 1.0
269, 0.0
270, 1.0
271, 0.0
272, 1.0
273, 1.0
274, 0.0
275, 1.0
276, 0.0
277, 1.0
278, 1.0
279, 0.0
280, 1.0
281, 1.0
282, 0.0
283, 1.0
284, 1.0
285, 0.0
286, 1.0
287, 1.0
288, 1.0
289, 0.0
290, 1.0
291, 1.0
292, 0.0
293, 1.0
294, 1.0
295, 1.0
296, 1.0
297, 0.0
298, 1.0
299, 1.0
300, 1.0
301, 1.0
302, 0.0
303, 1.0
304, 1.0
305, 1.0
306, 1.0
307, 1.0
308, 1.0
309, 0.0
310, 1.0
311, 1.0
312, 1.0
313, 1.0
314, 1.0
315, 1.0
316, 1.0
317, 1.0
318, 1.0
319, 1.0
320, 1.0
321, 1.0
322, 1.0
323, 1.0
324, 1.0
325, 1.0
326, 1.0
327, 1.0
328, 1.0
329, 1.0
330, 1.0
331, 1.0
332, 1.0
333, 2.0
334, 1.0
335, 1.0
336, 1.0
337, 1.0
338, 1.0
339, 2.0
340, 1.0
341, 1.0
342, 1.0
343, 1.0
344, 2.0
345, 1.0
346, 1.0
347, 1.0
348, 2.0
349, 1.0
350, 2.0
351, 1.0
352, 1.0
353, 2.0
354, 1.0
355, 1.0
356, 2.0
357, 1.0
358, 1.0
359, 2.0
360, 1.0
361, 2.0
362, 1.0
363, 1.0
364, 2.0
365, 1.0
366, 2.0
367, 1.0
368, 2.0
369, 1.0
370, 2.0
371, 2.0
372, 1.0
373, 2.0
374, 1.0
375, 2.0
376, 2.0
377, 1.0
378, 2.0
379, 2.0
380, 1.0
381, 2.0
382, 1.0
383, 2.0
384, 2.0
385, 1.0
386, 2.0
387, 2.0
388, 2.0
389, 1.0
390, 2.0
391, 2.0
392, 2.0
393, 1.0
394, 2.0
395, 2.0
396, 2.0
397, 2.0
398, 2.0
399, 2.0
400, 1.0
401, 2.0
402, 2.0
403, 2.0
404, 2.0
405, 2.0
406, 2.0
407, 2.0
408, 2.0
409, 2.0
410, 2.0
411, 2.0
412, 2.0
413, 2.0
414, 3.0
415, 2.0
416, 2.0
417, 2.0
418, 2.0
419, 2.0
420, 2.0
421, 3.0
422, 2.0
423, 2.0
424, 2.0
425, 3.0
426, 2.0
427, 2.0
428, 3.0
429, 2.0
430, 2.0
431, 3.0
432, 2.0
433, 2.0
434, 3.0
435, 2.0
436, 3.0
437, 2.0
438, 3.0
439, 2.0
440, 3.0
441, 2.0
442, 3.0
443, 3.0
444, 2.0
445, 3.0
446, 2.0
447, 3.0
448, 3.0
449, 2.0
450, 3.0
451, 3.0
452, 3.0
453, 2.0
454, 3.0
455, 3.0
456, 3.0
457, 3.0
458, 2.0
459, 3.0
460, 3.0
461, 3.0
462, 3.0
463, 3.0
464, 3.0
465, 3.0
466, 3.0
467, 3.0
468, 3.0
469, 3.0
470, 3.0
471, 3.0
472, 3.0
473, 3.0
474, 3.0
475, 3.0
476, 4.0
477, 3.0
478, 3.0
479, 4.0
480, 3.0
481, 3.0
482, 4.0
483, 3.0
484, 3.0
485, 3.0
486, 4.0
487, 3.0
488, 4.0
489, 3.0
490, 4.0
491, 3.0
492, 4.0
493, 3.0
494, 4.0
495, 3.0
496, 4.0
497, 3.0
498, 4.0
499, 4.0
500, 3.0
501, 4.0
502, 4.0
503, 3.0
504, 4.0
505, 4.0
506, 4.0
507, 3.0
508, 4.0
509, 4.0
510, 4.0
511, 4.0
512, 4.0
513, 4.0
514, 4.0
515, 4.0
516, 4.0
517, 4.0
518, 4.0
519, 4.0
520, 4.0
521, 4.0
522, 4.0
523, 4.0
524, 5.0
525, 4.0
526, 4.0
527, 4.0
528, 5.0
529, 4.0
530, 4.0
531, 5.0
532, 4.0
533, 4.0
534, 5.0
535, 4.0
536, 5.0
537, 4.0
538, 5.0
539, 4.0
540, 5.0
541, 5.0
542, 4.0
543, 5.0
544, 5.0
545, 4.0
546, 5.0
547, 5.0
548, 5.0
549, 4.0
550, 5.0
551, 5.0
552, 5.0
553, 5.0
554, 5.0
555, 5.0
556, 5.0
557, 5.0
558, 5.0
559, 6.0
560, 5.0
561, 6.0
562, 5.0
563, 6.0
564, 6.0
565, 6.0
566, 5.0
567, 6.0
568, 6.0
569, 5.0
570, 6.0
571, 5.0
572, 5.0
573, 6.0
574, 5.0
575, 6.0
576, 5.0
577, 6.0
578, 6.0
579, 5.0
580, 6.0
581, 6.0
582, 5.0
583, 6.0
584, 6.0
585, 6.0
586, 5.0
587, 6.0
588, 6.0
589, 6.0
590, 6.0
591, 6.0
592, 6.0
593, 6.0
594, 6.0
595, 6.0
596, 7.0
597, 6.0
598, 7.0
599, 6.0
600, 6.0
601, 7.0
602, 6.0
603, 7.0
604, 6.0
605, 6.0
606, 7.0
607, 6.0
608, 7.0
609, 6.0
610, 7.0
611, 7.0
612, 6.0
613, 7.0
614, 7.0
615, 6.0
616, 7.0
617, 7.0
618, 7.0
619, 7.0
620, 7.0
621, 7.0
622, 7.0
623, 7.0
624, 7.0
625, 7.0
626, 7.0
627, 7.0
628, 7.0
629, 7.0
630, 8.0
631, 7.0
632, 7.0
633, 8.0
634, 7.0
635, 7.0
636, 8.0
637, 7.0
638, 8.0
639, 7.0
640, 8.0
641, 8.0
642, 7.0
643, 8.0
644, 8.0
645, 8.0
646, 7.0
647, 8.0
648, 8.0
649, 8.0
650, 8.0
651, 8.0
652, 8.0
653, 8.0
654, 8.0
655, 8.0
656, 8.0
657, 9.0
658, 8.0
659, 8.0
660, 8.0
661, 9.0
662, 8.0
663, 9.0
664, 8.0
665, 9.0
666, 8.0
667, 9.0
668, 8.0
669, 9.0
670, 9.0
671, 8.0
672, 9.0
673, 9.0
674, 9.0
675, 9.0
676, 9.0
677, 9.0
678, 9.0
679, 9.0
680, 9.0
681, 9.0
682, 9.0
683, 9.0
684, 10.0
685, 9.0
686, 10.0
687, 9.0
688, 10.0
689, 9.0
690, 10.0
691, 9.0
692, 10.0
693, 10.0
694, 9.0
695, 10.0
696, 10.0
697, 10.0
698, 10.0
699, 10.0
700, 9.0
701, 10.0
702, 10.0
703, 11.0
704, 10.0
705, 10.0
706, 10.0
707, 10.0
708, 10.0
709, 11.0
710, 10.0
711, 11.0
712, 10.0
713, 10.0
714, 11.0
715, 11.0
716, 10.0
717, 11.0
718, 11.0
719, 11.0
720, 11.0
721, 10.0
722, 11.0
723, 11.0
724, 11.0
725, 11.0
726, 11.0
727, 11.0
728, 12.0
729, 11.0
730, 11.0
731, 11.0
732, 12.0
733, 11.0
734, 12.0
735, 11.0
736, 12.0
737, 11.0
738, 12.0
739, 13.0
740, 12.0
741, 11.0
742, 12.0
743, 12.0
744, 12.0
745, 12.0
746, 12.0
747, 12.0
748, 12.0
749, 12.0
750, 12.0
751, 12.0
752, 13.0
753, 12.0
754, 12.0
755, 13.0
756, 12.0
757, 13.0
758, 12.0
759, 13.0
760, 12.0
761, 13.0
762, 13.0
763, 13.0
764, 13.0
765, 13.0
766, 14.0
767, 13.0
768, 13.0
769, 13.0
770, 13.0
771, 14.0
772, 13.0
773, 13.0
774, 14.0
775, 13.0
776, 14.0
777, 13.0
778, 14.0
779, 13.0
780, 14.0
781, 14.0
782, 13.0
783, 14.0
784, 14.0
785, 14.0
786, 14.0
787, 14.0
788, 14.0
789, 14.0
790, 14.0
791, 15.0
792, 14.0
793, 15.0
794, 15.0
795, 14.0
796, 15.0
797, 14.0
798, 15.0
799, 14.0
800, 15.0
801, 15.0
802, 15.0
803, 15.0
804, 15.0
805, 15.0
806, 15.0
807, 15.0
808, 15.0
809, 15.0
810, 15.0
811, 16.0
812, 15.0
813, 16.0
814, 15.0
815, 16.0
816, 15.0
817, 16.0
818, 16.0
819, 16.0
820, 16.0
821, 16.0
822, 16.0
823, 16.0
824, 16.0
825, 16.0
826, 17.0
827, 16.0
828, 16.0
829, 17.0
830, 17.0
831, 16.0
832, 17.0
833, 17.0
834, 16.0
835, 17.0
836, 17.0
837, 17.0
838, 17.0
839, 17.0
840, 17.0
841, 18.0
842, 17.0
843, 17.0
844, 17.0
845, 18.0
846, 17.0
847, 17.0
848, 18.0
849, 18.0
850, 17.0
851, 18.0
852, 18.0
853, 18.0
854, 17.0
855, 17.0
856, 18.0
857, 19.0
858, 18.0
859, 18.0
860, 18.0
861, 18.0
862, 19.0
863, 18.0
864, 19.0
865, 18.0
866, 19.0
867, 19.0
868, 19.0
869, 18.0
870, 19.0
871, 19.0
872, 19.0
873, 19.0
874, 19.0
875, 20.0
876, 19.0
877, 19.0
878, 20.0
879, 19.0
880, 20.0
881, 19.0
882, 20.0
883, 19.0
884, 20.0
885, 20.0
886, 20.0
887, 20.0
888, 20.0
889, 20.0
890, 20.0
891, 20.0
892, 21.0
893, 20.0
894, 21.0
895, 20.0
896, 21.0
897, 20.0
898, 21.0
899, 21.0
900, 21.0
901, 21.0
902, 22.0
903, 21.0
904, 21.0
905, 22.0
906, 21.0
907, 22.0
908, 22.0
909, 21.0
910, 22.0
911, 21.0
912, 22.0
913, 23.0
914, 22.0
915, 22.0
916, 22.0
917, 23.0
918, 22.0
919, 23.0
920, 22.0
921, 23.0
922, 23.0
923, 23.0
924, 23.0
925, 23.0
926, 23.0
927, 23.0
928, 23.0
929, 24.0
930, 23.0
931, 24.0
932, 23.0
933, 24.0
934, 24.0
935, 23.0
936, 24.0
937, 24.0
938, 24.0
939, 24.0
940, 25.0
941, 24.0
942, 24.0
943, 26.0
944, 27.0
945, 24.0
946, 24.0
947, 24.0
948, 25.0
949, 24.0
950, 25.0
951, 24.0
952, 25.0
953, 25.0
954, 24.0
955, 26.0
956, 25.0
957, 25.0
958, 26.0
959, 25.0
960, 25.0
961, 25.0
962, 25.0
963, 26.0
964, 25.0
965, 26.0
966, 26.0
967, 26.0
968, 26.0
969, 26.0
970, 26.0
971, 26.0
972, 26.0
973, 27.0
974, 26.0
975, 27.0
976, 26.0
977, 27.0
978, 27.0
979, 27.0
980, 27.0
981, 27.0
982, 27.0
983, 27.0
984, 28.0
985, 27.0
986, 28.0
987, 27.0
988, 28.0
989, 28.0
990, 28.0
991, 28.0
992, 28.0
993, 28.0
994, 28.0
995, 29.0
996, 28.0
997, 29.0
998, 29.0
999, 30.0
1000, 29.0
1001, 29.0
1002, 30.0
1003, 29.0
1004, 30.0
1005, 30.0
1006, 30.0
1007, 30.0
1008, 30.0
1009, 30.0
1010, 30.0
1011, 30.0
1012, 30.0
1013, 30.0
1014, 30.0
1015, 29.0
1016, 30.0
1017, 30.0
1018, 30.0
1019, 30.0
1020, 31.0
1021, 30.0
1022, 31.0
1023, 31.0
1024, 31.0
1025, 31.0
1026, 31.0
1027, 31.0
1028, 31.0
1029, 31.0
1030, 31.0
1031, 32.0
1032, 31.0
1033, 31.0
1034, 32.0
1035, 31.0
1036, 32.0
1037, 32.0
1038, 31.0
1039, 32.0
1040, 32.0
1041, 33.0
1042, 32.0
1043, 32.0
1044, 33.0
1045, 33.0
1046, 32.0
1047, 33.0
1048, 34.0
1049, 33.0
1050, 33.0
1051, 34.0
1052, 33.0
1053, 34.0
1054, 34.0
1055, 34.0
1056, 34.0
1057, 34.0
1058, 34.0
1059, 34.0
1060, 35.0
1061, 34.0
1062, 35.0
1063, 35.0
1064, 34.0
1065, 35.0
1066, 35.0
1067, 35.0
1068, 36.0
1069, 35.0
1070, 35.0
1071, 35.0
1072, 36.0
1073, 36.0
1074, 35.0
1075, 35.0
1076, 36.0
1077, 36.0
1078, 35.0
1079, 36.0
1080, 36.0
1081, 36.0
1082, 37.0
1083, 36.0
1084, 36.0
1085, 37.0
1086, 37.0
1087, 36.0
1088, 37.0
1089, 37.0
1090, 37.0
1091, 37.0
1092, 37.0
1093, 37.0
1094, 38.0
1095, 37.0
1096, 38.0
1097, 38.0
1098, 38.0
1099, 38.0
1100, 38.0
1101, 38.0
1102, 39.0
1103, 38.0
1104, 41.0
1105, 41.0
1106, 40.0
1107, 40.0
1108, 39.0
1109, 39.0
1110, 40.0
1111, 39.0
1112, 40.0
1113, 40.0
1114, 39.0
1115, 41.0
1116, 40.0
1117, 40.0
1118, 41.0
1119, 40.0
1120, 41.0
1121, 41.0
1122, 41.0
1123, 41.0
1124, 41.0
1125, 41.0
1126, 41.0
1127, 40.0
1128, 42.0
1129, 41.0
1130, 42.0
1131, 41.0
1132, 42.0
1133, 42.0
1134, 42.0
1135, 42.0
1136, 42.0
1137, 43.0
1138, 42.0
1139, 42.0
1140, 42.0
1141, 42.0
1142, 43.0
1143, 43.0
1144, 43.0
1145, 43.0
1146, 43.0
1147, 43.0
1148, 44.0
1149, 43.0
1150, 44.0
1151, 43.0
1152, 43.0
1153, 45.0
1154, 44.0
1155, 44.0
1156, 45.0
1157, 44.0
1158, 45.0
1159, 45.0
1160, 45.0
1161, 44.0
1162, 45.0
1163, 45.0
1164, 45.0
1165, 45.0
1166, 46.0
1167, 46.0
1168, 45.0
1169, 46.0
1170, 46.0
1171, 47.0
1172, 46.0
1173, 47.0
1174, 46.0
1175, 47.0
1176, 47.0
1177, 47.0
1178, 47.0
1179, 47.0
1180, 48.0
1181, 48.0
1182, 47.0
1183, 47.0
1184, 47.0
1185, 48.0
1186, 48.0
1187, 48.0
1188, 49.0
1189, 48.0
1190, 49.0
1191, 49.0
1192, 49.0
1193, 49.0
1194, 49.0
1195, 49.0
1196, 50.0
1197, 50.0
1198, 49.0
1199, 50.0
1200, 50.0
1201, 50.0
1202, 50.0
1203, 51.0
1204, 50.0
1205, 51.0
1206, 50.0
1207, 50.0
1208, 51.0
1209, 52.0
1210, 51.0
1211, 51.0
1212, 52.0
1213, 51.0
1214, 52.0
1215, 53.0
1216, 55.0
1217, 54.0
1218, 54.0
1219, 54.0
1220, 54.0
1221, 54.0
1222, 51.0
1223, 54.0
1224, 54.0
1225, 55.0
1226, 54.0
1227, 55.0
1228, 54.0
1229, 55.0
1230, 55.0
1231, 55.0
1232, 52.0
1233, 53.0
1234, 54.0
1235, 54.0
1236, 54.0
1237, 55.0
1238, 55.0
1239, 55.0
1240, 54.0
1241, 55.0
1242, 56.0
1243, 57.0
1244, 56.0
1245, 57.0
1246, 57.0
1247, 57.0
1248, 57.0
1249, 58.0
1250, 55.0
1251, 55.0
1252, 56.0
1253, 57.0
1254, 56.0
1255, 57.0
1256, 57.0
1257, 57.0
1258, 57.0
1259, 58.0
1260, 59.0
1261, 59.0
1262, 60.0
1263, 59.0
1264, 60.0
1265, 59.0
1266, 60.0
1267, 58.0
1268, 58.0
1269, 58.0
1270, 59.0
1271, 59.0
1272, 59.0
1273, 59.0
1274, 60.0
1275, 59.0
1276, 60.0
1277, 60.0
1278, 61.0
1279, 61.0
1280, 61.0
1281, 61.0
1282, 61.0
1283, 62.0
1284, 61.0
1285, 62.0
1286, 62.0
1287, 62.0
1288, 62.0
1289, 62.0
1290, 62.0
1291, 63.0
1292, 63.0
1293, 62.0
1294, 63.0
1295, 64.0
1296, 63.0
1297, 63.0
1298, 64.0
1299, 64.0
1300, 64.0
1301, 65.0
1302, 67.0
1303, 65.0
1304, 64.0
1305, 65.0
1306, 64.0
1307, 65.0
1308, 65.0
1309, 65.0
1310, 66.0
1311, 65.0
1312, 66.0
1313, 66.0
1314, 66.0
1315, 66.0
1316, 67.0
1317, 67.0
1318, 68.0
1319, 67.0
1320, 68.0
1321, 68.0
1322, 66.0
1323, 66.0
1324, 68.0
1325, 67.0
1326, 68.0
1327, 68.0
1328, 68.0
1329, 68.0
1330, 67.0
1331, 69.0
1332, 70.0
1333, 70.0
1334, 70.0
1335, 69.0
1336, 70.0
1337, 69.0
1338, 69.0
1339, 69.0
1340, 70.0
1341, 69.0
1342, 70.0
1343, 70.0
1344, 70.0
1345, 71.0
1346, 70.0
1347, 71.0
1348, 71.0
1349, 71.0
1350, 71.0
1351, 72.0
1352, 71.0
1353, 72.0
1354, 72.0
1355, 72.0
1356, 72.0
1357, 72.0
1358, 72.0
1359, 71.0
1360, 72.0
1361, 73.0
1362, 73.0
1363, 73.0
1364, 73.0
1365, 72.0
1366, 75.0
1367, 75.0
1368, 75.0
1369, 76.0
1370, 76.0
1371, 74.0
1372, 75.0
1373, 76.0
1374, 79.0
1375, 76.0
1376, 76.0
1377, 76.0
1378, 75.0
1379, 76.0
1380, 76.0
1381, 77.0
1382, 76.0
1383, 77.0
1384, 78.0
1385, 76.0
1386, 77.0
1387, 78.0
1388, 78.0
1389, 78.0
1390, 78.0
1391, 78.0
1392, 77.0
1393, 79.0
1394, 78.0
1395, 79.0
1396, 79.0
1397, 79.0
1398, 77.0
1399, 79.0
1400, 80.0
1401, 79.0
1402, 80.0
1403, 80.0
1404, 80.0
1405, 81.0
1406, 80.0
1407, 81.0
1408, 81.0
1409, 81.0
1410, 81.0
1411, 82.0
1412, 81.0
1413, 82.0
1414, 82.0
1415, 82.0
1416, 83.0
1417, 82.0
1418, 83.0
1419, 83.0
1420, 84.0
1421, 83.0
1422, 81.0
1423, 83.0
1424, 84.0
1425, 84.0
1426, 84.0
1427, 85.0
1428, 85.0
1429, 85.0
1430, 85.0
1431, 86.0
1432, 85.0
1433, 86.0
1434, 84.0
1435, 87.0
1436, 90.0
1437, 87.0
1438, 87.0
1439, 87.0
1440, 85.0
1441, 87.0
1442, 87.0
1443, 87.0
1444, 87.0
1445, 88.0
1446, 88.0
1447, 88.0
1448, 88.0
1449, 88.0
1450, 87.0
1451, 88.0
1452, 88.0
1453, 89.0
1454, 89.0
1455, 89.0
1456, 89.0
1457, 88.0
1458, 89.0
1459, 90.0
1460, 90.0
1461, 91.0
1462, 91.0
1463, 91.0
1464, 91.0
1465, 91.0
1466, 92.0
1467, 91.0
1468, 92.0
1469, 92.0
1470, 92.0
1471, 93.0
1472, 92.0
1473, 92.0
1474, 93.0
1475, 93.0
1476, 94.0
1477, 94.0
1478, 93.0
1479, 94.0
1480, 94.0
1481, 93.0
1482, 94.0
1483, 94.0
1484, 95.0
1485, 94.0
1486, 94.0
1487, 97.0
1488, 97.0
1489, 97.0
1490, 98.0
1491, 100.0
1492, 97.0
1493, 97.0
1494, 97.0
1495, 98.0
1496, 98.0
1497, 98.0
1498, 98.0
1499, 97.0
1500, 96.0
1501, 98.0
1502, 99.0
1503, 98.0
1504, 99.0
1505, 101.0
1506, 101.0
1507, 101.0
1508, 102.0
1509, 102.0
1510, 102.0
1511, 102.0
1512, 102.0
1513, 102.0
1514, 100.0
1515, 102.0
1516, 102.0
1517, 104.0
1518, 103.0
1519, 102.0
1520, 101.0
1521, 102.0
1522, 102.0
1523, 103.0
1524, 102.0
1525, 103.0
1526, 103.0
1527, 103.0
1528, 104.0
1529, 103.0
1530, 103.0
1531, 104.0
1532, 105.0
1533, 104.0
1534, 103.0
1535, 105.0
1536, 105.0
1537, 105.0
1538, 105.0
1539, 105.0
1540, 110.0
1541, 108.0
1542, 108.0
1543, 106.0
1544, 109.0
1545, 109.0
1546, 109.0
1547, 110.0
1548, 109.0
1549, 110.0
1550, 111.0
1551, 110.0
1552, 107.0
1553, 107.0
1554, 108.0
1555, 109.0
1556, 108.0
1557, 109.0
1558, 111.0
1559, 111.0
1560, 113.0
1561, 111.0
1562, 108.0
1563, 110.0
1564, 110.0
1565, 111.0
1566, 109.0
1567, 111.0
1568, 112.0
1569, 112.0
1570, 112.0
1571, 112.0
1572, 113.0
1573, 114.0
1574, 114.0
1575, 111.0
1576, 114.0
1577, 116.0
1578, 114.0
1579, 114.0
1580, 117.0
1581, 118.0
1582, 117.0
1583, 118.0
1584, 118.0
1585, 120.0
1586, 117.0
1587, 117.0
1588, 118.0
1589, 117.0
1590, 117.0
1591, 118.0
1592, 116.0
1593, 117.0
1594, 117.0
1595, 119.0
1596, 118.0
1597, 119.0
1598, 119.0
1599, 119.0
1600, 118.0
1601, 118.0
1602, 119.0
1603, 120.0
1604, 119.0
1605, 119.0
1606, 122.0
1607, 121.0
1608, 121.0
1609, 119.0
1610, 121.0
1611, 121.0
1612, 122.0
1613, 122.0
1614, 120.0
1615, 121.0
1616, 123.0
1617, 121.0
1618, 122.0
1619, 123.0
1620, 124.0
1621, 124.0
1622, 126.0
1623, 127.0
1624, 128.0
1625, 124.0
1626, 126.0
1627, 129.0
1628, 127.0
1629, 127.0
1630, 127.0
1631, 127.0
1632, 127.0
1633, 128.0
1634, 125.0
1635, 127.0
1636, 125.0
1637, 125.0
1638, 128.0
1639, 128.0
1640, 128.0
1641, 130.0
1642, 131.0
1643, 132.0
1644, 131.0
1645, 129.0
1646, 129.0
1647, 130.0
1648, 130.0
1649, 130.0
1650, 130.0
1651, 131.0
1652, 130.0
1653, 131.0
1654, 131.0
1655, 132.0
1656, 132.0
1657, 134.0
1658, 135.0
1659, 136.0
1660, 135.0
1661, 135.0
1662, 136.0
1663, 136.0
1664, 134.0
1665, 138.0
1666, 138.0
1667, 135.0
1668, 133.0
1669, 135.0
1670, 135.0
1671, 133.0
1672, 135.0
1673, 136.0
1674, 136.0
1675, 138.0
1676, 140.0
1677, 140.0
1678, 137.0
1679, 135.0
1680, 137.0
1681, 137.0
1682, 138.0
1683, 138.0
1684, 138.0
1685, 139.0
1686, 139.0
1687, 140.0
1688, 141.0
1689, 139.0
1690, 141.0
1691, 141.0
1692, 141.0
1693, 139.0
1694, 141.0
1695, 141.0
1696, 140.0
1697, 142.0
1698, 143.0
1699, 143.0
1700, 143.0
1701, 148.0
1702, 145.0
1703, 144.0
1704, 146.0
1705, 147.0
1706, 148.0
1707, 141.0
1708, 144.0
1709, 144.0
1710, 143.0
1711, 145.0
1712, 146.0
1713, 144.0
1714, 145.0
1715, 147.0
1716, 147.0
1717, 146.0
1718, 148.0
1719, 149.0
1720, 147.0
1721, 147.0
1722, 148.0
1723, 149.0
1724, 150.0
1725, 152.0
1726, 153.0
1727, 149.0
1728, 149.0
1729, 151.0
1730, 149.0
1731, 151.0
1732, 152.0
1733, 152.0
1734, 150.0
1735, 157.0
1736, 153.0
1737, 150.0
1738, 153.0
1739, 153.0
1740, 152.0
1741, 154.0
1742, 154.0
1743, 154.0
1744, 155.0
1745, 157.0
1746, 158.0
1747, 153.0
1748, 156.0
1749, 156.0
1750, 154.0
1751, 156.0
1752, 156.0
1753, 156.0
1754, 157.0
1755, 155.0
1756, 157.0
1757, 158.0
1758, 158.0
1759, 158.0
1760, 162.0
1761, 162.0
1762, 162.0
1763, 162.0
1764, 159.0
1765, 160.0
1766, 160.0
1767, 164.0
1768, 162.0
1769, 162.0
1770, 164.0
1771, 165.0
1772, 158.0
1773, 161.0
1774, 161.0
1775, 162.0
1776, 166.0
1777, 166.0
1778, 167.0
1779, 167.0
1780, 167.0
1781, 168.0
1782, 163.0
1783, 165.0
1784, 162.0
1785, 164.0
1786, 165.0
1787, 165.0
1788, 167.0
1789, 167.0
1790, 165.0
1791, 168.0
1792, 168.0
1793, 166.0
1794, 169.0
1795, 168.0
1796, 170.0
1797, 173.0
1798, 171.0
1799, 171.0
1800, 172.0
1801, 173.0
1802, 169.0
1803, 171.0
1804, 171.0
1805, 172.0
1806, 172.0
1807, 172.0
1808, 172.0
1809, 173.0
1810, 174.0
1811, 173.0
1812, 173.0
1813, 177.0
1814, 177.0
1815, 176.0
1816, 178.0
1817, 177.0
1818, 178.0
1819, 178.0
1820, 178.0
1821, 178.0
1822, 176.0
1823, 175.0
1824, 176.0
1825, 176.0
1826, 180.0
1827, 176.0
1828, 180.0
1829, 181.0
1830, 179.0
1831, 177.0
1832, 178.0
1833, 178.0
1834, 179.0
1835, 179.0
1836, 179.0
1837, 183.0
1838, 184.0
1839, 184.0
1840, 184.0
1841, 184.0
1842, 184.0
1843, 185.0
1844, 186.0
1845, 185.0
1846, 186.0
1847, 186.0
1848, 186.0
1849, 187.0
1850, 187.0
1851, 187.0
1852, 182.0
1853, 187.0
1854, 187.0
1855, 182.0
1856, 186.0
1857, 185.0
1858, 184.0
1859, 186.0
1860, 186.0
1861, 189.0
1862, 188.0
1863, 189.0
1864, 189.0
1865, 190.0
1866, 189.0
1867, 193.0
1868, 193.0
1869, 193.0
1870, 193.0
1871, 194.0
1872, 194.0
1873, 194.0
1874, 195.0
1875, 194.0
1876, 195.0
1877, 196.0
1878, 194.0
1879, 192.0
1880, 197.0
1881, 195.0
1882, 198.0
1883, 197.0
1884, 198.0
1885, 198.0
1886, 195.0
1887, 194.0
1888, 196.0
1889, 197.0
1890, 199.0
1891, 200.0
1892, 200.0
1893, 195.0
1894, 195.0
1895, 197.0
1896, 196.0
1897, 197.0
1898, 198.0
1899, 199.0
1900, 198.0
1901, 197.0
1902, 200.0
1903, 200.0
1904, 198.0
1905, 204.0
1906, 200.0
1907, 202.0
1908, 202.0
1909, 202.0
1910, 201.0
1911, 202.0
1912, 205.0
1913, 204.0
1914, 202.0
1915, 204.0
1916, 202.0
1917, 204.0
1918, 204.0
1919, 206.0
1920, 209.0
1921, 210.0
1922, 209.0
1923, 208.0
1924, 203.0
1925, 207.0
1926, 206.0
1927, 212.0
1928, 209.0
1929, 212.0
1930, 211.0
1931, 212.0
1932, 212.0
1933, 209.0
1934, 213.0
1935, 210.0
1936, 209.0
1937, 210.0
1938, 211.0
1939, 213.0
1940, 214.0
1941, 213.0
1942, 214.0
1943, 214.0
1944, 214.0
1945, 213.0
1946, 215.0
1947, 216.0
1948, 217.0
1949, 217.0
1950, 216.0
1951, 216.0
1952, 217.0
1953, 221.0
1954, 218.0
1955, 221.0
1956, 220.0
1957, 221.0
1958, 219.0
1959, 219.0
1960, 222.0
1961, 222.0
1962, 223.0
1963, 218.0
1964, 219.0
1965, 221.0
1966, 220.0
1967, 221.0
1968, 222.0
1969, 223.0
1970, 222.0
1971, 222.0
1972, 223.0
1973, 223.0
1974, 223.0
1975, 226.0
1976, 227.0
1977, 222.0
1978, 225.0
1979, 226.0
1980, 229.0
1981, 230.0
1982, 232.0
1983, 230.0
1984, 230.0
1985, 227.0
1986, 225.0
1987, 228.0
1988, 229.0
1989, 231.0
1990, 230.0
1991, 231.0
1992, 230.0
1993, 229.0
1994, 232.0
1995, 232.0
1996, 231.0
1997, 236.0
1998, 232.0
1999, 233.0
2000, 231.0
2001, 233.0
2002, 233.0
2003, 237.0
2004, 238.0
2005, 234.0
2006, 238.0
2007, 232.0
2008, 234.0
2009, 235.0
2010, 236.0
2011, 235.0
2012, 236.0
2013, 234.0
2014, 237.0
2015, 238.0
2016, 238.0
2017, 237.0
2018, 242.0
2019, 241.0
2020, 240.0
2021, 240.0
2022, 243.0
2023, 244.0
2024, 241.0
2025, 242.0
2026, 244.0
2027, 245.0
2028, 246.0
2029, 246.0
2030, 240.0
2031, 243.0
2032, 242.0
2033, 244.0
2034, 243.0
2035, 247.0
2036, 244.0
2037, 245.0
2038, 246.0
2039, 251.0
2040, 249.0
2041, 249.0
2042, 248.0
2043, 251.0
2044, 250.0
2045, 249.0
2046, 247.0
2047, 250.0
2048, 247.0
2049, 251.0
2050, 253.0
2051, 253.0
2052, 255.0
2053, 255.0
2054, 249.0
2055, 251.0
2056, 252.0
2057, 253.0
2058, 253.0
2059, 259.0
2060, 255.0
2061, 257.0
2062, 253.0
2063, 255.0
2064, 256.0
2065, 256.0
2066, 258.0
2067, 257.0
2068, 257.0
2069, 258.0
2070, 260.0
2071, 260.0
2072, 261.0
2073, 260.0
2074, 262.0
2075, 260.0
2076, 258.0
2077, 258.0
2078, 266.0
2079, 263.0
2080, 262.0
2081, 261.0
2082, 266.0
2083, 266.0
2084, 266.0
2085, 261.0
2086, 263.0
2087, 263.0
2088, 264.0
2089, 265.0
2090, 267.0
2091, 266.0
2092, 265.0
2093, 266.0
2094, 269.0
2095, 269.0
2096, 269.0
2097, 273.0
2098, 269.0
2099, 272.0
2100, 271.0
2101, 272.0
2102, 272.0
2103, 273.0
2104, 274.0
2105, 270.0
2106, 274.0
2107, 272.0
2108, 273.0
2109, 271.0
2110, 274.0
2111, 274.0
2112, 274.0
2113, 274.0
2114, 274.0
2115, 278.0
2116, 275.0
2117, 276.0
2118, 275.0
2119, 279.0
2120, 277.0
2121, 280.0
2122, 277.0
2123, 278.0
2124, 281.0
2125, 280.0
2126, 281.0
2127, 282.0
2128, 283.0
2129, 280.0
2130, 281.0
2131, 278.0
2132, 281.0
2133, 283.0
2134, 284.0
2135, 286.0
2136, 284.0
2137, 287.0
2138, 281.0
2139, 285.0
2140, 287.0
2141, 284.0
2142, 285.0
2143, 287.0
2144, 287.0
2145, 289.0
2146, 290.0
2147, 290.0
2148, 291.0
2149, 291.0
2150, 290.0
2151, 294.0
2152, 291.0
2153, 290.0
2154, 291.0
2155, 292.0
2156, 292.0
2157, 292.0
2158, 293.0
2159, 293.0
2160, 293.0
2161, 294.0
2162, 295.0
2163, 295.0
2164, 294.0
2165, 298.0
2166, 297.0
2167, 298.0
2168, 301.0
2169, 296.0
2170, 298.0
2171, 300.0
2172, 300.0
2173, 302.0
2174, 300.0
2175, 303.0
2176, 303.0
2177, 300.0
2178, 304.0
2179, 302.0
2180, 304.0
2181, 307.0
2182, 301.0
2183, 307.0
2184, 307.0
2185, 304.0
2186, 308.0
2187, 304.0
2188, 305.0
2189, 305.0
2190, 306.0
2191, 309.0
2192, 310.0
2193, 309.0
2194, 310.0
2195, 309.0
2196, 311.0
2197, 311.0
2198, 312.0
2199, 312.0
2200, 313.0
2201, 315.0
2202, 313.0
2203, 316.0
2204, 319.0
2205, 316.0
2206, 315.0
2207, 316.0
2208, 313.0
2209, 316.0
2210, 316.0
2211, 318.0
2212, 316.0
2213, 318.0
2214, 317.0
2215, 317.0
2216, 321.0
2217, 318.0
2218, 321.0
2219, 321.0
2220, 319.0
2221, 322.0
2222, 320.0
2223, 322.0
2224, 321.0
2225, 322.0
2226, 322.0
2227, 323.0
2228, 320.0
2229, 323.0
2230, 324.0
2231, 323.0
2232, 328.0
2233, 326.0
2234, 327.0
2235, 326.0
2236, 326.0
2237, 327.0
2238, 327.0
2239, 325.0
2240, 327.0
2241, 329.0
2242, 329.0
2243, 329.0
2244, 330.0
2245, 330.0
2246, 331.0
2247, 333.0
2248, 333.0
2249, 332.0
2250, 331.0
2251, 331.0
2252, 332.0
2253, 335.0
2254, 336.0
2255, 336.0
2256, 337.0
2257, 337.0
2258, 338.0
2259, 337.0
2260, 339.0
2261, 339.0
2262, 341.0
2263, 338.0
2264, 337.0
2265, 341.0
2266, 341.0
2267, 340.0
2268, 343.0
2269, 341.0
2270, 343.0
2271, 344.0
2272, 345.0
2273, 342.0
2274, 344.0
2275, 345.0
2276, 346.0
2277, 347.0
2278, 345.0
2279, 347.0
2280, 344.0
2281, 345.0
2282, 342.0
2283, 345.0
2284, 348.0
2285, 348.0
2286, 350.0
2287, 349.0
2288, 346.0
2289, 349.0
2290, 352.0
2291, 354.0
2292, 352.0
2293, 350.0
2294, 352.0
2295, 352.0
2296, 353.0
2297, 353.0
2298, 354.0
2299, 355.0
2300, 354.0
2301, 355.0
2302, 356.0
2303, 356.0
2304, 355.0
2305, 361.0
2306, 357.0
2307, 357.0
2308, 359.0
2309, 356.0
2310, 361.0
2311, 360.0
2312, 361.0
2313, 361.0
2314, 361.0
2315, 362.0
2316, 362.0
2317, 363.0
2318, 362.0
2319, 367.0
2320, 366.0
2321, 362.0
2322, 365.0
2323, 367.0
2324, 364.0
2325, 367.0
2326, 368.0
2327, 369.0
2328, 368.0
2329, 367.0
2330, 370.0
2331, 371.0
2332, 371.0
2333, 372.0
2334, 372.0
2335, 370.0
2336, 372.0
2337, 374.0
2338, 374.0
2339, 374.0
2340, 372.0
2341, 374.0
2342, 374.0
2343, 376.0
2344, 376.0
2345, 377.0
2346, 380.0
2347, 376.0
2348, 376.0
2349, 377.0
2350, 380.0
2351, 379.0
2352, 380.0
2353, 380.0
2354, 380.0
2355, 379.0
2356, 383.0
2357, 386.0
2358, 383.0
2359, 380.0
2360, 385.0
2361, 384.0
2362, 384.0
2363, 386.0
2364, 383.0
2365, 385.0
2366, 387.0
2367, 389.0
2368, 387.0
2369, 384.0
2370, 388.0
2371, 387.0
2372, 392.0
2373, 391.0
2374, 391.0
2375, 389.0
2376, 390.0
2377, 392.0
2378, 391.0
2379, 393.0
2380, 393.0
2381, 391.0
2382, 394.0
2383, 394.0
2384, 395.0
2385, 397.0
2386, 397.0
2387, 398.0
2388, 393.0
2389, 397.0
2390, 399.0
2391, 400.0
2392, 400.0
2393, 398.0
2394, 398.0
2395, 400.0
2396, 402.0
2397, 410.0
2398, 415.0
2399, 402.0
2400, 402.0
2401, 405.0
2402, 406.0
2403, 403.0
2404, 406.0
2405, 406.0
2406, 407.0
2407, 406.0
2408, 405.0
2409, 409.0
2410, 409.0
2411, 408.0
2412, 410.0
2413, 409.0
2414, 414.0
2415, 412.0
2416, 411.0
2417, 412.0
2418, 413.0
2419, 414.0
2420, 414.0
2421, 414.0
2422, 417.0
2423, 415.0
2424, 415.0
2425, 417.0
2426, 426.0
2427, 511.0
2428, 497.0
2429, 452.0
2430, 419.0
2431, 418.0
2432, 420.0
2433, 422.0
2434, 422.0
2435, 420.0
2436, 421.0
2437, 422.0
2438, 424.0
2439, 424.0
2440, 423.0
2441, 425.0
2442, 423.0
2443, 426.0
2444, 426.0
2445, 429.0
2446, 427.0
2447, 430.0
2448, 445.0
2449, 435.0
2450, 430.0
2451, 430.0
2452, 431.0
2453, 431.0
2454, 432.0
2455, 433.0
2456, 433.0
2457, 434.0
2458, 433.0
2459, 434.0
2460, 435.0
2461, 435.0
2462, 435.0
2463, 437.0
2464, 437.0
2465, 437.0
2466, 437.0
2467, 438.0
2468, 442.0
2469, 440.0
2470, 440.0
2471, 440.0
2472, 442.0
2473, 441.0
2474, 441.0
2475, 443.0
2476, 443.0
2477, 444.0
2478, 442.0
2479, 443.0
2480, 446.0
2481, 445.0
2482, 444.0
2483, 448.0
2484, 447.0
2485, 448.0
2486, 447.0
2487, 450.0
2488, 449.0
2489, 450.0
2490, 451.0
2491, 453.0
2492, 452.0
2493, 452.0
2494, 453.0
2495, 453.0
2496, 454.0
2497, 453.0
2498, 453.0
2499, 454.0
2500, 456.0
2501, 456.0
2502, 458.0
2503, 456.0
2504, 457.0
2505, 457.0
2506, 460.0
2507, 458.0
2508, 460.0
2509, 458.0
2510, 461.0
2511, 462.0
2512, 462.0
2513, 465.0
2514, 463.0
2515, 464.0
2516, 463.0
2517, 464.0
2518, 462.0
2519, 466.0
2520, 466.0
2521, 468.0
2522, 468.0
2523, 470.0
2524, 469.0
2525, 469.0
2526, 470.0
2527, 471.0
2528, 470.0
2529, 470.0
2530, 472.0
2531, 474.0
2532, 473.0
2533, 474.0
2534, 475.0
2535, 474.0
2536, 474.0
2537, 476.0
2538, 477.0
2539, 477.0
2540, 475.0
2541, 479.0
2542, 479.0
2543, 479.0
2544, 481.0
2545, 483.0
2546, 480.0
2547, 482.0
2548, 482.0
2549, 481.0
2550, 483.0
2551, 481.0
2552, 485.0
2553, 485.0
2554, 485.0
2555, 488.0
2556, 487.0
2557, 484.0
2558, 485.0
2559, 485.0
2560, 489.0
2561, 490.0
2562, 488.0
2563, 490.0
2564, 492.0
2565, 493.0
2566, 492.0
2567, 492.0
2568, 494.0
2569, 495.0
2570, 493.0
2571, 496.0
2572, 495.0
2573, 496.0
2574, 495.0
2575, 498.0
2576, 498.0
2577, 498.0
2578, 498.0
2579, 498.0
2580, 500.0
2581, 499.0
2582, 500.0
2583, 502.0
2584, 500.0
2585, 503.0
2586, 503.0
2587, 502.0
2588, 503.0
2589, 504.0
2590, 505.0
2591, 507.0
2592, 507.0
2593, 508.0
2594, 509.0
2595, 512.0
2596, 508.0
2597, 510.0
2598, 509.0
2599, 510.0
2600, 509.0
2601, 512.0
2602, 512.0
2603, 512.0
2604, 514.0
2605, 517.0
2606, 515.0
2607, 516.0
2608, 515.0
2609, 518.0
2610, 517.0
2611, 518.0
2612, 517.0
2613, 519.0
2614, 520.0
2615, 523.0
2616, 521.0
2617, 522.0
2618, 522.0
2619, 521.0
2620, 523.0
2621, 525.0
2622, 528.0
2623, 525.0
2624, 528.0
2625, 526.0
2626, 528.0
2627, 526.0
2628, 527.0
2629, 530.0
2630, 530.0
2631, 528.0
2632, 528.0
2633, 531.0
2634, 539.0
2635, 533.0
2636, 531.0
2637, 534.0
2638, 534.0
2639, 534.0
2640, 536.0
2641, 536.0
2642, 535.0
2643, 539.0
2644, 538.0
2645, 536.0
2646, 538.0
2647, 539.0
2648, 541.0
2649, 542.0
2650, 539.0
2651, 542.0
2652, 544.0
2653, 543.0
2654, 543.0
2655, 544.0
2656, 545.0
2657, 545.0
2658, 545.0
2659, 544.0
2660, 548.0
2661, 547.0
2662, 551.0
2663, 549.0
2664, 551.0
2665, 550.0
2666, 551.0
2667, 552.0
2668, 551.0
2669, 553.0
2670, 554.0
2671, 556.0
2672, 555.0
2673, 554.0
2674, 555.0
2675, 557.0
2676, 558.0
2677, 558.0
2678, 559.0
2679, 560.0
2680, 561.0
2681, 560.0
2682, 561.0
2683, 563.0
2684, 560.0
2685, 563.0
2686, 563.0
2687, 564.0
2688, 564.0
2689, 568.0
2690, 565.0
2691, 566.0
2692, 565.0
2693, 569.0
2694, 568.0
2695, 569.0
2696, 570.0
2697, 571.0
2698, 572.0
2699, 572.0
2700, 570.0
2701, 572.0
2702, 573.0
2703, 572.0
2704, 575.0
2705, 572.0
2706, 578.0
2707, 577.0
2708, 577.0
2709, 578.0
2710, 577.0
2711, 579.0
2712, 580.0
2713, 578.0
2714, 581.0
2715, 583.0
2716, 583.0
2717, 583.0
2718, 584.0
2719, 583.0
2720, 585.0
2721, 585.0
2722, 586.0
2723, 587.0
2724, 586.0
2725, 587.0
2726, 588.0
2727, 590.0
2728, 588.0
2729, 590.0
2730, 595.0
2731, 589.0
2732, 595.0
2733, 592.0
2734, 594.0
2735, 594.0
2736, 594.0
2737, 595.0
2738, 596.0
2739, 595.0
2740, 600.0
2741, 598.0
2742, 599.0
2743, 598.0
2744, 597.0
2745, 602.0
2746, 601.0
2747, 602.0
2748, 604.0
2749, 603.0
2750, 604.0
2751, 604.0
2752, 606.0
2753, 607.0
2754, 605.0
2755, 606.0
2756, 607.0
2757, 611.0
2758, 608.0
2759, 608.0
2760, 609.0
2761, 612.0
2762, 610.0
2763, 613.0
2764, 610.0
2765, 618.0
2766, 615.0
2767, 617.0
2768, 632.0
2769, 615.0
2770, 615.0
2771, 616.0
2772, 618.0
2773, 622.0
2774, 620.0
2775, 621.0
2776, 620.0
2777, 622.0
2778, 623.0
2779, 623.0
2780, 624.0
2781, 626.0
2782, 625.0
2783, 627.0
2784, 627.0
2785, 626.0
2786, 628.0
2787, 628.0
2788, 630.0
2789, 633.0
2790, 636.0
2791, 631.0
2792, 631.0
2793, 633.0
2794, 633.0
2795, 633.0
2796, 635.0
2797, 638.0
2798, 636.0
2799, 636.0
2800, 636.0
2801, 637.0
2802, 636.0
2803, 639.0
2804, 639.0
2805, 642.0
2806, 641.0
2807, 642.0
2808, 642.0
2809, 642.0
2810, 645.0
2811, 644.0
2812, 645.0
2813, 646.0
2814, 647.0
2815, 646.0
2816, 647.0
2817, 646.0
2818, 648.0
2819, 650.0
2820, 652.0
2821, 652.0
2822, 651.0
2823, 651.0
2824, 654.0
2825, 654.0
2826, 659.0
2827, 655.0
2828, 658.0
2829, 657.0
2830, 659.0
2831, 659.0
2832, 659.0
2833, 659.0
2834, 659.0
2835, 661.0
2836, 664.0
2837, 663.0
2838, 663.0
2839, 664.0
2840, 665.0
2841, 665.0
2842, 665.0
2843, 668.0
2844, 666.0
2845, 668.0
2846, 668.0
2847, 670.0
2848, 669.0
2849, 671.0
2850, 671.0
2851, 674.0
2852, 673.0
2853, 672.0
2854, 674.0
2855, 675.0
2856, 675.0
2857, 677.0
2858, 680.0
2859, 674.0
2860, 677.0
2861, 679.0
2862, 679.0
2863, 681.0
2864, 682.0
2865, 682.0
2866, 685.0
2867, 683.0
2868, 684.0
2869, 685.0
2870, 685.0
2871, 685.0
2872, 687.0
2873, 689.0
2874, 688.0
2875, 689.0
2876, 687.0
2877, 689.0
2878, 691.0
2879, 691.0
2880, 695.0
2881, 692.0
2882, 693.0
2883, 695.0
2884, 695.0
2885, 696.0
2886, 694.0
2887, 700.0
2888, 699.0
2889, 699.0
2890, 699.0
2891, 700.0
2892, 700.0
2893, 700.0
2894, 705.0
2895, 704.0
2896, 704.0
2897, 705.0
2898, 706.0
2899, 706.0
2900, 706.0
2901, 707.0
2902, 710.0
2903, 708.0
2904, 710.0
2905, 710.0
2906, 711.0
2907, 713.0
2908, 710.0
2909, 716.0
2910, 712.0
2911, 715.0
2912, 714.0
2913, 715.0
2914, 720.0
2915, 718.0
2916, 720.0
2917, 718.0
2918, 721.0
2919, 721.0
2920, 722.0
2921, 721.0
2922, 722.0
2923, 730.0
2924, 723.0
2925, 725.0
2926, 725.0
2927, 728.0
2928, 725.0
2929, 728.0
2930, 728.0
2931, 729.0
2932, 730.0
2933, 729.0
2934, 733.0
2935, 729.0
2936, 734.0
2937, 733.0
2938, 735.0
2939, 736.0
2940, 736.0
2941, 735.0
2942, 737.0
2943, 740.0
2944, 739.0
2945, 741.0
2946, 739.0
2947, 740.0
2948, 741.0
2949, 743.0
2950, 744.0
2951, 745.0
2952, 744.0
2953, 747.0
2954, 746.0
2955, 748.0
2956, 748.0
2957, 750.0
2958, 749.0
2959, 750.0
2960, 749.0
2961, 752.0
2962, 753.0
2963, 755.0
2964, 755.0
2965, 754.0
2966, 753.0
2967, 754.0
2968, 757.0
2969, 757.0
2970, 759.0
2971, 760.0
2972, 758.0
2973, 760.0
2974, 762.0
2975, 763.0
2976, 766.0
2977, 761.0
2978, 763.0
2979, 766.0
2980, 766.0
2981, 767.0
2982, 769.0
2983, 770.0
2984, 769.0
2985, 770.0
2986, 771.0
2987, 770.0
2988, 770.0
2989, 774.0
2990, 774.0
2991, 774.0
2992, 775.0
2993, 776.0
2994, 776.0
2995, 778.0
2996, 781.0
2997, 779.0
2998, 780.0
2999, 781.0
3000, 781.0
3001, 782.0
3002, 784.0
3003, 787.0
3004, 794.0
3005, 790.0
3006, 786.0
3007, 785.0
3008, 785.0
3009, 790.0
3010, 789.0
3011, 790.0
3012, 790.0
3013, 791.0
3014, 792.0
3015, 794.0
3016, 795.0
3017, 794.0
3018, 794.0
3019, 796.0
3020, 798.0
3021, 799.0
3022, 797.0
3023, 798.0
3024, 799.0
3025, 800.0
3026, 803.0
3027, 801.0
3028, 803.0
3029, 803.0
3030, 803.0
3031, 806.0
3032, 806.0
3033, 806.0
3034, 810.0
3035, 808.0
3036, 809.0
3037, 808.0
3038, 810.0
3039, 811.0
3040, 816.0
3041, 817.0
3042, 815.0
3043, 814.0
3044, 815.0
3045, 818.0
3046, 819.0
3047, 818.0
3048, 819.0
3049, 819.0
3050, 820.0
3051, 821.0
3052, 824.0
3053, 823.0
3054, 823.0
3055, 824.0
3056, 826.0
3057, 826.0
3058, 830.0
3059, 827.0
3060, 827.0
3061, 830.0
3062, 828.0
3063, 831.0
3064, 835.0
3065, 833.0
3066, 832.0
3067, 834.0
3068, 837.0
3069, 838.0
3070, 839.0
3071, 838.0
3072, 836.0
3073, 839.0
3074, 841.0
3075, 839.0
3076, 844.0
3077, 842.0
3078, 842.0
3079, 842.0
3080, 843.0
3081, 844.0
3082, 847.0
3083, 847.0
3084, 847.0
3085, 849.0
3086, 849.0
3087, 851.0
3088, 854.0
3089, 853.0
3090, 852.0
3091, 853.0
3092, 854.0
3093, 855.0
3094, 858.0
3095, 858.0
3096, 858.0
3097, 858.0
3098, 858.0
3099, 860.0
3100, 864.0
3101, 861.0
3102, 863.0
3103, 864.0
3104, 864.0
3105, 866.0
3106, 868.0
3107, 864.0
3108, 867.0
3109, 868.0
3110, 869.0
3111, 872.0
3112, 871.0
3113, 872.0
3114, 873.0
3115, 872.0
3116, 873.0
3117, 877.0
3118, 875.0
3119, 876.0
3120, 878.0
3121, 877.0
3122, 879.0
3123, 882.0
3124, 882.0
3125, 881.0
3126, 882.0
3127, 884.0
3128, 884.0
3129, 887.0
3130, 885.0
3131, 888.0
3132, 887.0
3133, 889.0
3134, 891.0
3135, 891.0
3136, 891.0
3137, 892.0
3138, 896.0
3139, 893.0
3140, 896.0
3141, 895.0
3142, 895.0
3143, 897.0
3144, 897.0
3145, 905.0
3146, 900.0
3147, 901.0
3148, 901.0
3149, 901.0
3150, 902.0
3151, 904.0
3152, 905.0
3153, 906.0
3154, 906.0
3155, 907.0
3156, 909.0
3157, 910.0
3158, 909.0
3159, 911.0
3160, 910.0
3161, 913.0
3162, 915.0
3163, 913.0
3164, 914.0
3165, 916.0
3166, 916.0
3167, 919.0
3168, 917.0
3169, 919.0
3170, 921.0
3171, 920.0
3172, 922.0
3173, 923.0
3174, 923.0
3175, 924.0
3176, 925.0
3177, 926.0
3178, 930.0
3179, 925.0
3180, 928.0
3181, 930.0
3182, 929.0
3183, 932.0
3184, 933.0
3185, 933.0
3186, 934.0
3187, 935.0
3188, 936.0
3189, 937.0
3190, 937.0
3191, 937.0
3192, 939.0
3193, 940.0
3194, 942.0
3195, 942.0
3196, 943.0
3197, 943.0
3198, 945.0
3199, 943.0
3200, 949.0
3201, 946.0
3202, 947.0
3203, 951.0
3204, 950.0
3205, 953.0
3206, 951.0
3207, 952.0
3208, 953.0
3209, 955.0
3210, 956.0
3211, 954.0
3212, 954.0
3213, 958.0
3214, 959.0
3215, 960.0
3216, 959.0
3217, 960.0
3218, 961.0
3219, 961.0
3220, 964.0
3221, 967.0
3222, 965.0
3223, 967.0
3224, 968.0
3225, 969.0
3226, 971.0
3227, 970.0
3228, 970.0
3229, 972.0
3230, 973.0
3231, 974.0
3232, 973.0
3233, 976.0
3234, 975.0
3235, 977.0
3236, 978.0
3237, 980.0
3238, 980.0
3239, 981.0
3240, 981.0
3241, 989.0
3242, 983.0
3243, 985.0
3244, 985.0
3245, 986.0
3246, 990.0
3247, 987.0
3248, 986.0
3249, 989.0
3250, 991.0
3251, 994.0
3252, 990.0
3253, 992.0
3254, 995.0
3255, 996.0
3256, 997.0
3257, 997.0
3258, 996.0
3259, 1000.0
3260, 999.0
3261, 1003.0
3262, 999.0
3263, 1002.0
3264, 1004.0
3265, 1006.0
3266, 1006.0
3267, 1006.0
3268, 1005.0
3269, 1006.0
3270, 1009.0
3271, 1011.0
3272, 1007.0
3273, 1011.0
3274, 1013.0
3275, 1013.0
3276, 1017.0
3277, 1015.0
3278, 1015.0
3279, 1018.0
3280, 1018.0
3281, 1021.0
3282, 1017.0
3283, 1021.0
3284, 1022.0
3285, 1023.0
3286, 1025.0
3287, 1027.0
3288, 1025.0
3289, 1024.0
3290, 1026.0
3291, 1030.0
3292, 1029.0
3293, 1029.0
3294, 1029.0
3295, 1031.0
3296, 1035.0
3297, 1034.0
3298, 1035.0
3299, 1035.0
3300, 1038.0
3301, 1038.0
3302, 1038.0
3303, 1039.0
3304, 1041.0
3305, 1042.0
3306, 1043.0
3307, 1043.0
3308, 1045.0
3309, 1045.0
3310, 1048.0
3311, 1044.0
3312, 1046.0
3313, 1048.0
3314, 1049.0
3315, 1052.0
3316, 1051.0
3317, 1053.0
3318, 1051.0
3319, 1054.0
3320, 1058.0
3321, 1056.0
3322, 1056.0
3323, 1061.0
3324, 1059.0
3325, 1062.0
3326, 1059.0
3327, 1062.0
3328, 1062.0
3329, 1070.0
3330, 1064.0
3331, 1066.0
3332, 1066.0
3333, 1066.0
3334, 1068.0
3335, 1068.0
3336, 1071.0
3337, 1068.0
3338, 1072.0
3339, 1075.0
3340, 1073.0
3341, 1073.0
3342, 1075.0
3343, 1078.0
3344, 1077.0
3345, 1078.0
3346, 1081.0
3347, 1080.0
3348, 1081.0
3349, 1082.0
3350, 1083.0
3351, 1084.0
3352, 1085.0
3353, 1088.0
3354, 1091.0
3355, 1088.0
3356, 1089.0
3357, 1093.0
3358, 1091.0
3359, 1091.0
3360, 1093.0
3361, 1091.0
3362, 1096.0
3363, 1097.0
3364, 1098.0
3365, 1096.0
3366, 1100.0
3367, 1099.0
3368, 1101.0
3369, 1102.0
3370, 1101.0
3371, 1105.0
3372, 1105.0
3373, 1106.0
3374, 1105.0
3375, 1109.0
3376, 1112.0
3377, 1108.0
3378, 1113.0
3379, 1110.0
3380, 1114.0
3381, 1115.0
3382, 1115.0
3383, 1117.0
3384, 1119.0
3385, 1116.0
3386, 1117.0
3387, 1119.0
3388, 1120.0
3389, 1125.0
3390, 1122.0
3391, 1123.0
3392, 1123.0
3393, 1128.0
3394, 1126.0
3395, 1127.0
3396, 1128.0
3397, 1129.0
3398, 1135.0
3399, 1131.0
3400, 1133.0
3401, 1135.0
3402, 1136.0
3403, 1135.0
3404, 1135.0
3405, 1137.0
3406, 1138.0
3407, 1141.0
3408, 1141.0
3409, 1142.0
3410, 1148.0
3411, 1145.0
3412, 1142.0
3413, 1144.0
3414, 1145.0
3415, 1150.0
3416, 1148.0
3417, 1148.0
3418, 1149.0
3419, 1152.0
3420, 1155.0
3421, 1153.0
3422, 1154.0
3423, 1155.0
3424, 1157.0
3425, 1157.0
3426, 1157.0
3427, 1160.0
3428, 1161.0
3429, 1161.0
3430, 1162.0
3431, 1165.0
3432, 1162.0
3433, 1168.0
3434, 1167.0
3435, 1168.0
3436, 1167.0
3437, 1172.0
3438, 1170.0
3439, 1170.0
3440, 1171.0
3441, 1175.0
3442, 1175.0
3443, 1175.0
3444, 1176.0
3445, 1177.0
3446, 1180.0
3447, 1179.0
3448, 1178.0
3449, 1181.0
3450, 1184.0
3451, 1184.0
3452, 1183.0
3453, 1184.0
3454, 1188.0
3455, 1185.0
3456, 1189.0
3457, 1191.0
3458, 1193.0
3459, 1193.0
3460, 1193.0
3461, 1194.0
3462, 1196.0
3463, 1195.0
3464, 1194.0
3465, 1221.0
3466, 1217.0
3467, 1233.0
3468, 1217.0
3469, 1216.0
3470, 1218.0
3471, 1211.0
3472, 1212.0
3473, 1208.0
3474, 1212.0
3475, 1212.0
3476, 1214.0
3477, 1211.0
3478, 1214.0
3479, 1226.0
3480, 1226.0
3481, 1224.0
3482, 1233.0
3483, 1223.0
3484, 1224.0
3485, 1256.0
3486, 1264.0
3487, 1226.0
3488, 1255.0
3489, 1244.0
3490, 1250.0
3491, 1238.0
3492, 1233.0
3493, 1238.0
3494, 1247.0
3495, 1239.0
3496, 1230.0
3497, 1242.0
3498, 1240.0
3499, 1238.0
3500, 1240.0
3501, 1236.0
3502, 1244.0
3503, 1241.0
3504, 1241.0
3505, 1243.0
3506, 1241.0
3507, 1245.0
3508, 1244.0
3509, 1245.0
3510, 1249.0
3511, 1267.0
3512, 1254.0
3513, 1249.0
3514, 1255.0
3515, 1259.0
3516, 1258.0
3517, 1258.0
3518, 1265.0
3519, 1258.0
3520, 1257.0
3521, 1257.0
3522, 1258.0
3523, 1264.0
3524, 1266.0
3525, 1262.0
3526, 1274.0
3527, 1269.0
3528, 1266.0
3529, 1268.0
3530, 1266.0
3531, 1270.0
3532, 1271.0
3533, 1269.0
3534, 1270.0
3535, 1273.0
3536, 1272.0
3537, 1272.0
3538, 1274.0
3539, 1278.0
3540, 1276.0
3541, 1279.0
3542, 1278.0
3543, 1282.0
3544, 1281.0
3545, 1282.0
3546, 1286.0
3547, 1297.0
3548, 1287.0
3549, 1291.0
3550, 1293.0
3551, 1296.0
3552, 1291.0
3553, 1291.0
3554, 1297.0
3555, 1296.0
3556, 1297.0
3557, 1297.0
3558, 1305.0
3559, 1302.0
3560, 1304.0
3561, 1301.0
3562, 1303.0
3563, 1305.0
3564, 1305.0
3565, 1307.0
3566, 1308.0
3567, 1307.0
3568, 1309.0
3569, 1309.0
3570, 1311.0
3571, 1310.0
3572, 1310.0
3573, 1312.0
3574, 1315.0
3575, 1314.0
3576, 1319.0
3577, 1320.0
3578, 1320.0
3579, 1320.0
3580, 1325.0
3581, 1328.0
3582, 1323.0
3583, 1324.0
3584, 1325.0
3585, 1329.0
3586, 1329.0
3587, 1331.0
3588, 1332.0
3589, 1334.0
3590, 1334.0
3591, 1334.0
3592, 1338.0
3593, 1340.0
3594, 1336.0
3595, 1337.0
3596, 1342.0
3597, 1344.0
3598, 1339.0
3599, 1342.0
3600, 1345.0
3601, 1345.0
3602, 1346.0
3603, 1350.0
3604, 1350.0
3605, 1350.0
3606, 1349.0
3607, 1353.0
3608, 1357.0
3609, 1354.0
3610, 1395.0
3611, 1357.0
3612, 1357.0
3613, 1361.0
3614, 1358.0
3615, 1362.0
3616, 1362.0
3617, 1367.0
3618, 1365.0
3619, 1364.0
3620, 1368.0
3621, 1366.0
3622, 1370.0
3623, 1374.0
3624, 1370.0
3625, 1376.0
3626, 1373.0
3627, 1372.0
3628, 1378.0
3629, 1377.0
3630, 1376.0
3631, 1378.0
3632, 1379.0
3633, 1388.0
3634, 1381.0
3635, 1381.0
3636, 1383.0
3637, 1386.0
3638, 1386.0
3639, 1387.0
3640, 1397.0
3641, 1389.0
3642, 1390.0
3643, 1391.0
3644, 1395.0
3645, 1401.0
3646, 1393.0
3647, 1396.0
3648, 1395.0
3649, 1396.0
3650, 1399.0
3651, 1401.0
3652, 1401.0
3653, 1409.0
3654, 1417.0
3655, 1408.0
3656, 1409.0
3657, 1410.0
3658, 1417.0
3659, 1412.0
3660, 1413.0
3661, 1413.0
3662, 1417.0
3663, 1425.0
3664, 1415.0
3665, 1423.0
3666, 1418.0
3667, 1419.0
3668, 1422.0
3669, 1428.0
3670, 1423.0
3671, 1424.0
3672, 1427.0
3673, 1426.0
3674, 1428.0
3675, 1428.0
3676, 1434.0
3677, 1433.0
3678, 1430.0
3679, 1434.0
3680, 1434.0
3681, 1435.0
3682, 1435.0
3683, 1438.0
3684, 1442.0
3685, 1442.0
3686, 1442.0
3687, 1445.0
3688, 1442.0
3689, 1449.0
3690, 1450.0
3691, 1447.0
3692, 1449.0
3693, 1452.0
3694, 1453.0
3695, 1453.0
3696, 1495.0
3697, 1520.0
3698, 1461.0
3699, 1473.0
3700, 1460.0
3701, 1460.0
3702, 1466.0
3703, 1465.0
3704, 1463.0
3705, 1471.0
3706, 1465.0
3707, 1475.0
3708, 1503.0
3709, 1478.0
3710, 1477.0
3711, 1487.0
3712, 1471.0
3713, 1480.0
3714, 1493.0
3715, 1474.0
3716, 1480.0
3717, 1484.0
3718, 1481.0
3719, 1481.0
3720, 1483.0
3721, 1481.0
3722, 1483.0
3723, 1492.0
3724, 1486.0
3725, 1486.0
3726, 1487.0
3727, 1492.0
3728, 1495.0
3729, 1492.0
3730, 1494.0
3731, 1493.0
3732, 1495.0
3733, 1501.0
3734, 1498.0
3735, 1499.0
3736, 1504.0
3737, 1502.0
3738, 1502.0
3739, 1504.0
3740, 1511.0
3741, 1504.0
3742, 1505.0
3743, 1508.0
3744, 1516.0
3745, 1512.0
3746, 1512.0
3747, 1519.0
3748, 1516.0
3749, 1518.0
3750, 1525.0
3751, 1542.0
3752, 1601.0
3753, 1542.0
3754, 1530.0
3755, 1522.0
3756, 1526.0
3757, 1527.0
3758, 1537.0
3759, 1531.0
3760, 1550.0
3761, 1550.0
3762, 1554.0
3763, 1559.0
3764, 1753.0
3765, 1536.0
3766, 1538.0
3767, 1545.0
3768, 1540.0
3769, 1551.0
3770, 1542.0
3771, 1555.0
3772, 1544.0
3773, 1547.0
3774, 1560.0
3775, 1546.0
3776, 1561.0
3777, 1549.0
3778, 1557.0
3779, 1555.0
3780, 1567.0
3781, 1563.0
3782, 1559.0
3783, 1565.0
3784, 1560.0
3785, 1571.0
3786, 1572.0
3787, 1565.0
3788, 1564.0
3789, 1565.0
3790, 1566.0
3791, 1573.0
3792, 1571.0
3793, 1602.0
3794, 1573.0
3795, 1584.0
3796, 1581.0
3797, 1597.0
3798, 1579.0
3799, 1593.0
3800, 1578.0
3801, 1598.0
3802, 1583.0
3803, 1583.0
3804, 1582.0
3805, 1589.0
3806, 1607.0
3807, 1586.0
3808, 1605.0
3809, 1605.0
3810, 1605.0
3811, 1593.0
3812, 1590.0
3813, 1591.0
3814, 1595.0
3815, 1592.0
3816, 1599.0
3817, 1598.0
3818, 1597.0
3819, 1597.0
3820, 1601.0
3821, 1601.0
3822, 1602.0
3823, 1604.0
3824, 1604.0
3825, 1605.0
3826, 1607.0
3827, 1609.0
3828, 1610.0
3829, 1611.0
3830, 1616.0
3831, 1611.0
3832, 1611.0
3833, 1617.0
3834, 1613.0
3835, 1614.0
3836, 1621.0
3837, 1621.0
3838, 1622.0
3839, 1627.0
3840, 1623.0
3841, 1626.0
3842, 1629.0
3843, 1628.0
3844, 1628.0
3845, 1632.0
3846, 1631.0
3847, 1631.0
3848, 1637.0
3849, 1635.0
3850, 1635.0
3851, 1638.0
3852, 1635.0
3853, 1635.0
3854, 1638.0
3855, 1638.0
3856, 1640.0
3857, 1643.0
3858, 1641.0
3859, 1645.0
3860, 1647.0
3861, 1645.0
3862, 1646.0
3863, 1651.0
3864, 1649.0
3865, 1648.0
3866, 1655.0
3867, 1654.0
3868, 1655.0
3869, 1661.0
3870, 1657.0
3871, 1657.0
3872, 1663.0
3873, 1663.0
3874, 1661.0
3875, 1666.0
3876, 1666.0
3877, 1664.0
3878, 1673.0
3879, 1671.0
3880, 1670.0
3881, 1676.0
3882, 1673.0
3883, 1671.0
3884, 1675.0
3885, 1674.0
3886, 1674.0
3887, 1679.0
3888, 1677.0
3889, 1675.0
3890, 1685.0
3891, 1683.0
3892, 1680.0
3893, 1692.0
3894, 1684.0
3895, 1689.0
3896, 1690.0
3897, 1684.0
3898, 1688.0
3899, 1695.0
3900, 1687.0
3901, 1696.0
3902, 1694.0
3903, 1695.0
3904, 1695.0
3905, 1698.0
3906, 1698.0
3907, 1697.0
3908, 1705.0
3909, 1701.0
3910, 1700.0
3911, 1707.0
3912, 1707.0
3913, 1706.0
3914, 1710.0
3915, 1707.0
3916, 1709.0
3917, 1713.0
3918, 1713.0
3919, 1713.0
3920, 1718.0
3921, 1715.0
3922, 1715.0
3923, 1722.0
3924, 1718.0
3925, 1720.0
3926, 1725.0
3927, 1722.0
3928, 1724.0
3929, 1729.0
3930, 1731.0
3931, 1730.0
3932, 1731.0
3933, 1729.0
3934, 1752.0
3935, 1731.0
3936, 1734.0
3937, 1735.0
3938, 1737.0
3939, 1734.0
3940, 1745.0
3941, 1739.0
3942, 1741.0
3943, 1751.0
3944, 1745.0
3945, 1743.0
3946, 1752.0
3947, 1746.0
3948, 1750.0
3949, 1755.0
3950, 1755.0
3951, 1748.0
3952, 1757.0
3953, 1754.0
3954, 1761.0
3955, 1752.0
3956, 1759.0
3957, 1760.0
3958, 1776.0
3959, 1792.0
3960, 1774.0
3961, 1793.0
3962, 1771.0
3963, 1800.0
3964, 1776.0
3965, 1797.0
3966, 1777.0
3967, 1788.0
3968, 1797.0
3969, 1790.0
3970, 1801.0
3971, 1785.0
3972, 1785.0
3973, 1782.0
3974, 1800.0
3975, 1789.0
3976, 1787.0
3977, 1810.0
3978, 1794.0
3979, 1791.0
3980, 1796.0
3981, 1791.0
3982, 1796.0
3983, 1794.0
3984, 1796.0
3985, 1800.0
3986, 1798.0
3987, 1801.0
3988, 1803.0
3989, 1805.0
3990, 1800.0
3991, 1811.0
3992, 1809.0
3993, 1812.0
3994, 1811.0
3995, 1816.0
3996, 1813.0
3997, 1816.0
3998, 1813.0
3999, 1817.0
4000, 1818.0
4001, 1817.0
4002, 1822.0
4003, 1827.0
4004, 1820.0
4005, 1825.0
4006, 1826.0
4007, 1825.0
4008, 1826.0
4009, 1828.0
4010, 1832.0
4011, 1832.0
4012, 1832.0
4013, 1833.0
4014, 1836.0
4015, 1839.0
4016, 1834.0
4017, 1840.0
4018, 1840.0
4019, 1839.0
4020, 1843.0
4021, 1845.0
4022, 1844.0
4023, 1843.0
4024, 1853.0
4025, 1849.0
4026, 1851.0
4027, 1854.0
4028, 1853.0
4029, 1854.0
4030, 1861.0
4031, 1858.0
4032, 1861.0
4033, 1859.0
4034, 1865.0
4035, 1863.0
4036, 1911.0
4037, 1869.0
4038, 1866.0
4039, 1872.0
4040, 1871.0
4041, 1872.0
4042, 1876.0
4043, 1873.0
4044, 1873.0
4045, 1877.0
4046, 1879.0
4047, 1878.0
4048, 1886.0
4049, 1879.0
4050, 1887.0
4051, 1896.0
4052, 1892.0
4053, 1900.0
4054, 1897.0
4055, 1895.0
4056, 1900.0
4057, 1892.0
4058, 1899.0
4059, 1901.0
4060, 1906.0
4061, 1908.0
4062, 1915.0
4063, 1913.0
4064, 1920.0
4065, 1913.0
4066, 1916.0
4067, 1947.0
4068, 1951.0
4069, 1967.0
4070, 1975.0
4071, 1984.0
4072, 2096.0
4073, 2009.0
4074, 1982.0
4075, 1974.0
4076, 2022.0
4077, 1985.0
4078, 1998.0
4079, 2048.0
4080, 2033.0
4081, 2087.0
4082, 2183.0
4083, 2118.0
4084, 2147.0
4085, 2079.0
4086, 2112.0
4087, 2148.0
4088, 2127.0
4089, 2057.0
4090, 2019.0
4091, 2058.0
4092, 2162.0
4093, 2150.0
4094, 2058.0
4095, 2069.0
4096, 2040.0
4097, 2084.0
4098, 2099.0
4099, 2069.0
4100, 2213.0
4101, 2018.0
4102, 2048.0
4103, 2024.0
4104, 2136.0
4105, 2089.0
4106, 2013.0
4107, 2025.0
4108, 2013.0
4109, 2008.0
4110, 2003.0
4111, 2002.0
4112, 2019.0
4113, 2008.0
4114, 2023.0
4115, 2041.0
4116, 2027.0
4117, 2007.0
4118, 2009.0
4119, 2007.0
4120, 2027.0
4121, 2038.0
4122, 2021.0
4123, 2015.0
4124, 2017.0
4125, 2022.0
4126, 2017.0
4127, 2023.0
4128, 2031.0
4129, 2023.0
4130, 2079.0
4131, 2030.0
4132, 2034.0
4133, 2053.0
4134, 2046.0
4135, 2055.0
4136, 2058.0
4137, 2070.0
4138, 2040.0
4139, 2116.0
4140, 2111.0
4141, 2148.0
4142, 2175.0
4143, 2073.0
4144, 2073.0
4145, 2100.0
4146, 2067.0
4147, 2066.0
4148, 2053.0
4149, 2059.0
4150, 2059.0
4151, 2060.0
4152, 2057.0
4153, 2065.0
4154, 2075.0
4155, 2060.0
4156, 2090.0
4157, 2065.0
4158, 2065.0
4159, 2073.0
4160, 2068.0
4161, 2074.0
4162, 2071.0
4163, 2075.0
4164, 2077.0
4165, 2077.0
4166, 2081.0
4167, 2081.0
4168, 2085.0
4169, 2094.0
4170, 2091.0
4171, 2112.0
4172, 2095.0
4173, 2090.0
4174, 2091.0
4175, 2100.0
4176, 2105.0
4177, 2116.0
4178, 2100.0
4179, 2097.0
4180, 2098.0
4181, 2100.0
4182, 2100.0
4183, 2103.0
4184, 2103.0
4185, 2127.0
4186, 2104.0
4187, 2110.0
4188, 2110.0
4189, 2108.0
4190, 2117.0
4191, 2118.0
4192, 2123.0
4193, 2116.0
4194, 2118.0
4195, 2125.0
4196, 2122.0
4197, 2129.0
4198, 2145.0
4199, 2143.0
4200, 2139.0
4201, 2132.0
4202, 2135.0
4203, 2139.0
4204, 2136.0
4205, 2138.0
4206, 2153.0
4207, 2144.0
4208, 2140.0
4209, 2141.0
4210, 2142.0
4211, 2147.0
4212, 2160.0
4213, 2150.0
4214, 2157.0
4215, 2172.0
4216, 2156.0
4217, 2152.0
4218, 2159.0
4219, 2157.0
4220, 2162.0
4221, 2158.0
4222, 2159.0
4223, 2163.0
4224, 2164.0
4225, 2173.0
4226, 2202.0
4227, 2177.0
4228, 2177.0
4229, 2200.0
4230, 2195.0
4231, 2181.0
4232, 2184.0
4233, 2186.0
4234, 2188.0
4235, 2185.0
4236, 2196.0
4237, 2201.0
4238, 2189.0
4239, 2194.0
4240, 2185.0
4241, 2190.0
4242, 2190.0
4243, 2198.0
4244, 2208.0
4245, 2197.0
4246, 2195.0
4247, 2199.0
4248, 2201.0
4249, 2204.0
4250, 2203.0
4251, 2214.0
4252, 2206.0
4253, 2216.0
4254, 2215.0
4255, 2211.0
4256, 2217.0
4257, 2249.0
4258, 2216.0
4259, 2229.0
4260, 2217.0
4261, 2219.0
4262, 2219.0
4263, 2229.0
4264, 2225.0
4265, 2241.0
4266, 2253.0
4267, 2229.0
4268, 2232.0
4269, 2230.0
4270, 2232.0
4271, 2234.0
4272, 2268.0
4273, 2251.0
4274, 2365.0
4275, 2255.0
4276, 2243.0
4277, 2246.0
4278, 2247.0
4279, 2301.0
4280, 2266.0
4281, 2254.0
4282, 2256.0
4283, 2261.0
4284, 2254.0
4285, 2267.0
4286, 2262.0
4287, 2266.0
4288, 2266.0
4289, 2263.0
4290, 2265.0
4291, 2287.0
4292, 2293.0
4293, 2271.0
4294, 2277.0
4295, 2268.0
4296, 2282.0
4297, 2292.0
4298, 2277.0
4299, 2279.0
4300, 2280.0
4301, 2310.0
4302, 2282.0
4303, 2285.0
4304, 2288.0
4305, 2314.0
4306, 2290.0
4307, 2290.0
4308, 2304.0
4309, 2307.0
4310, 2295.0
4311, 2314.0
4312, 2301.0
4313, 2300.0
4314, 2303.0
4315, 2309.0
4316, 2322.0
4317, 2306.0
4318, 2336.0
4319, 2332.0
4320, 2308.0
4321, 2320.0
4322, 2314.0
4323, 2320.0
4324, 2323.0
4325, 2328.0
4326, 2331.0
4327, 2330.0
4328, 2329.0
4329, 2329.0
4330, 2333.0
4331, 2340.0
4332, 2330.0
4333, 2337.0
4334, 2331.0
4335, 2334.0
4336, 2348.0
4337, 2337.0
4338, 2340.0
4339, 2338.0
4340, 2361.0
4341, 2346.0
4342, 2349.0
4343, 2372.0
4344, 2355.0
4345, 2352.0
4346, 2359.0
4347, 2354.0
4348, 2362.0
4349, 2361.0
4350, 2359.0
4351, 2368.0
4352, 2392.0
4353, 2375.0
4354, 2395.0
4355, 2409.0
4356, 2384.0
4357, 2372.0
4358, 2372.0
4359, 2372.0
4360, 2381.0
4361, 2379.0
4362, 2375.0
4363, 2382.0
4364, 2379.0
4365, 2387.0
4366, 2390.0
4367, 2408.0
4368, 2398.0
4369, 2390.0
4370, 2391.0
4371, 2391.0
4372, 2393.0
4373, 2396.0
4374, 2421.0
4375, 2401.0
4376, 2400.0
4377, 2408.0
4378, 2404.0
4379, 2407.0
4380, 2438.0
4381, 2444.0
4382, 2415.0
4383, 2414.0
4384, 2418.0
4385, 2416.0
4386, 2418.0
4387, 2419.0
4388, 2449.0
4389, 2423.0
4390, 2424.0
4391, 2429.0
4392, 2469.0
4393, 2440.0
4394, 2436.0
4395, 2442.0
4396, 2437.0
4397, 2437.0
4398, 2437.0
4399, 2437.0
4400, 2443.0
4401, 2444.0
4402, 2451.0
4403, 2445.0
4404, 2485.0
4405, 2462.0
4406, 2470.0
4407, 2454.0
4408, 2457.0
4409, 2474.0
4410, 2457.0
4411, 2459.0
4412, 2465.0
4413, 2465.0
4414, 2462.0
4415, 2481.0
4416, 2506.0
4417, 2471.0
4418, 2474.0
4419, 2474.0
4420, 2478.0
4421, 2478.0
4422, 2478.0
4423, 2480.0
4424, 2479.0
4425, 2484.0
4426, 2482.0
4427, 2489.0
4428, 2518.0
4429, 2494.0
4430, 2491.0
4431, 2500.0
4432, 2506.0
4433, 2504.0
4434, 2499.0
4435, 2509.0
4436, 2505.0
4437, 2504.0
4438, 2507.0
4439, 2509.0
4440, 2522.0
4441, 2510.0
4442, 2510.0
4443, 2518.0
4444, 2512.0
4445, 2518.0
4446, 2518.0
4447, 2530.0
4448, 2545.0
4449, 2524.0
4450, 2524.0
4451, 2527.0
4452, 2568.0
4453, 2532.0
4454, 2530.0
4455, 2533.0
4456, 2533.0
4457, 2555.0
4458, 2541.0
4459, 2545.0
4460, 2552.0
4461, 2542.0
4462, 2547.0
4463, 2558.0
4464, 2554.0
4465, 2549.0
4466, 2552.0
4467, 2554.0
4468, 2557.0
4469, 2553.0
4470, 2559.0
4471, 2559.0
4472, 2568.0
4473, 2564.0
4474, 2566.0
4475, 2573.0
4476, 2569.0
4477, 2571.0
4478, 2573.0
4479, 2571.0
4480, 2575.0
4481, 2575.0
4482, 2584.0
4483, 2594.0
4484, 2595.0
4485, 2590.0
4486, 2588.0
4487, 2610.0
4488, 2592.0
4489, 2593.0
4490, 2592.0
4491, 2592.0
4492, 2597.0
4493, 2596.0
4494, 2601.0
4495, 2603.0
4496, 2605.0
4497, 2616.0
4498, 2626.0
4499, 2616.0
4500, 2606.0
4501, 2614.0
4502, 2611.0
4503, 2616.0
4504, 2616.0
4505, 2621.0
4506, 2624.0
4507, 2622.0
4508, 2630.0
4509, 2644.0
4510, 2631.0
4511, 2628.0
4512, 2632.0
4513, 2635.0
4514, 2637.0
4515, 2643.0
4516, 2638.0
4517, 2641.0
4518, 2642.0
4519, 2644.0
4520, 2646.0
4521, 2669.0
4522, 2653.0
4523, 2597.0
4524, 2654.0
4525, 2653.0
4526, 2658.0
4527, 2677.0
4528, 2658.0
4529, 2661.0
4530, 2664.0
4531, 2664.0
4532, 2690.0
4533, 2681.0
4534, 2686.0
4535, 2675.0
4536, 2693.0
4537, 2681.0
4538, 2674.0
4539, 2678.0
4540, 2678.0
4541, 2683.0
4542, 2681.0
4543, 2703.0
4544, 2685.0
4545, 2703.0
4546, 2695.0
4547, 2693.0
4548, 2694.0
4549, 2696.0
4550, 2697.0
4551, 2697.0
4552, 2702.0
4553, 2700.0
4554, 2731.0
4555, 2704.0
4556, 2716.0
4557, 2729.0
4558, 2720.0
4559, 2716.0
4560, 2731.0
4561, 2730.0
4562, 2716.0
4563, 2721.0
4564, 2720.0
4565, 2740.0
4566, 2724.0
4567, 2728.0
4568, 2736.0
4569, 2735.0
4570, 2731.0
4571, 2732.0
4572, 2736.0
4573, 2736.0
4574, 2771.0
4575, 2753.0
4576, 2748.0
4577, 2746.0
4578, 2748.0
4579, 2750.0
4580, 2756.0
4581, 2755.0
4582, 2758.0
4583, 2772.0
4584, 2758.0
4585, 2762.0
4586, 2784.0
4587, 2765.0
4588, 2762.0
4589, 2770.0
4590, 2768.0
4591, 2772.0
4592, 2777.0
4593, 2770.0
4594, 2775.0
4595, 2777.0
4596, 2782.0
4597, 2827.0
4598, 2784.0
4599, 2783.0
4600, 2785.0
4601, 2788.0
4602, 2788.0
4603, 2799.0
4604, 2792.0
4605, 2797.0
4606, 2820.0
4607, 2820.0
4608, 2804.0
4609, 2804.0
4610, 2809.0
4611, 2809.0
4612, 2811.0
4613, 2818.0
4614, 2815.0
4615, 2813.0
4616, 2815.0
4617, 2822.0
4618, 2852.0
4619, 2824.0
4620, 2824.0
4621, 2824.0
4622, 2826.0
4623, 2835.0
4624, 2831.0
4625, 2829.0
4626, 2837.0
4627, 2834.0
4628, 2846.0
4629, 2873.0
4630, 2850.0
4631, 2847.0
4632, 2855.0
4633, 2851.0
4634, 2852.0
4635, 2884.0
4636, 2850.0
4637, 2857.0
4638, 2860.0
4639, 2869.0
4640, 2867.0
4641, 2879.0
4642, 2869.0
4643, 2864.0
4644, 2865.0
4645, 2870.0
4646, 2872.0
4647, 2882.0
4648, 2872.0
4649, 2887.0
4650, 2874.0
4651, 2883.0
4652, 2887.0
4653, 2890.0
4654, 2889.0
4655, 2898.0
4656, 2891.0
4657, 2894.0
4658, 2917.0
4659, 2917.0
4660, 2894.0
4661, 2907.0
4662, 2901.0
4663, 2903.0
4664, 2914.0
4665, 2921.0
4666, 2908.0
4667, 2909.0
4668, 2916.0
4669, 2951.0
4670, 2921.0
4671, 2926.0
4672, 2947.0
4673, 2922.0
4674, 2926.0
4675, 2932.0
4676, 2929.0
4677, 2943.0
4678, 2935.0
4679, 2952.0
4680, 2936.0
4681, 2935.0
4682, 2940.0
4683, 2940.0
4684, 2962.0
4685, 2946.0
4686, 2959.0
4687, 2965.0
4688, 2953.0
4689, 2983.0
4690, 2987.0
4691, 2956.0
4692, 2961.0
4693, 2957.0
4694, 2957.0
4695, 2961.0
4696, 2960.0
4697, 2965.0
4698, 2976.0
4699, 3015.0
4700, 2988.0
4701, 2976.0
4702, 2976.0
4703, 2981.0
4704, 2979.0
4705, 2979.0
4706, 2979.0
4707, 2983.0
4708, 2986.0
4709, 3013.0
4710, 2993.0
4711, 3008.0
4712, 2998.0
4713, 2998.0
4714, 2994.0
4715, 3003.0
4716, 2998.0
4717, 3004.0
4718, 3005.0
4719, 3034.0
4720, 3011.0
4721, 3017.0
4722, 3047.0
4723, 3028.0
4724, 3021.0
4725, 3022.0
4726, 3016.0
4727, 3020.0
4728, 3022.0
4729, 3034.0
4730, 3027.0
4731, 3028.0
4732, 3033.0
4733, 3036.0
4734, 3034.0
4735, 3047.0
4736, 3039.0
4737, 3039.0
4738, 3049.0
4739, 3076.0
4740, 3044.0
4741, 3047.0
4742, 3050.0
4743, 3070.0
4744, 3053.0
4745, 3065.0
4746, 3062.0
4747, 3060.0
4748, 3095.0
4749, 3063.0
4750, 3072.0
4751, 3071.0
4752, 3067.0
4753, 3072.0
4754, 3071.0
4755, 3085.0
4756, 3077.0
4757, 3078.0
4758, 3136.0
4759, 3094.0
4760, 3089.0
4761, 3107.0
4762, 3091.0
4763, 3098.0
4764, 3093.0
4765, 3101.0
4766, 3099.0
4767, 3111.0
4768, 3120.0
4769, 3105.0
4770, 3108.0
4771, 3125.0
4772, 3123.0
4773, 3114.0
4774, 3117.0
4775, 3111.0
4776, 3121.0
4777, 3158.0
4778, 3117.0
4779, 3126.0
4780, 3125.0
4781, 3126.0
4782, 3139.0
4783, 3131.0
4784, 3132.0
4785, 3144.0
4786, 3153.0
4787, 3141.0
4788, 3138.0
4789, 3136.0
4790, 3141.0
4791, 3140.0
4792, 3152.0
4793, 3162.0
4794, 3146.0
4795, 3150.0
4796, 3170.0
4797, 3169.0
4798, 3166.0
4799, 3161.0
4800, 3163.0
4801, 3169.0
4802, 3163.0
4803, 3168.0
4804, 3171.0
4805, 3201.0
4806, 3214.0
4807, 3199.0
4808, 3186.0
4809, 3185.0
4810, 3186.0
4811, 3184.0
4812, 3193.0
4813, 3193.0
4814, 3220.0
4815, 3196.0
4816, 3196.0
4817, 3223.0
4818, 3200.0
4819, 3199.0
4820, 3208.0
4821, 3202.0
4822, 3201.0
4823, 3219.0
4824, 3237.0
4825, 3218.0
4826, 3237.0
4827, 3213.0
4828, 3223.0
4829, 3219.0
4830, 3216.0
4831, 3222.0
4832, 3224.0
4833, 3248.0
4834, 3232.0
4835, 3229.0
4836, 3237.0
4837, 3255.0
4838, 3236.0
4839, 3246.0
4840, 3247.0
4841, 3242.0
4842, 3270.0
4843, 3248.0
4844, 3252.0
4845, 3255.0
4846, 3260.0
4847, 3252.0
4848, 3260.0
4849, 3258.0
4850, 3258.0
4851, 3270.0
4852, 3263.0
4853, 3271.0
4854, 3269.0
4855, 3271.0
4856, 3270.0
4857, 3276.0
4858, 3275.0
4859, 3277.0
4860, 3305.0
4861, 3279.0
4862, 3285.0
4863, 3286.0
4864, 3287.0
4865, 3290.0
4866, 3290.0
4867, 3290.0
4868, 3301.0
4869, 3319.0
4870, 3298.0
4871, 3300.0
4872, 3314.0
4873, 3304.0
4874, 3306.0
4875, 3310.0
4876, 3308.0
4877, 3313.0
4878, 3334.0
4879, 3320.0
4880, 3318.0
4881, 3323.0
4882, 3320.0
4883, 3325.0
4884, 3327.0
4885, 3327.0
4886, 3334.0
4887, 3344.0
4888, 3338.0
4889, 3339.0
4890, 3342.0
4891, 3342.0
4892, 3351.0
4893, 3346.0
4894, 3345.0
4895, 3350.0
4896, 3356.0
4897, 3371.0
4898, 3355.0
4899, 3357.0
4900, 3356.0
4901, 3360.0
4902, 3363.0
4903, 3363.0
4904, 3369.0
4905, 3394.0
4906, 3371.0
4907, 3377.0
4908, 3386.0
4909, 3385.0
4910, 3384.0
4911, 3398.0
4912, 3384.0
4913, 3400.0
4914, 3390.0
4915, 3391.0
4916, 3394.0
4917, 3394.0
4918, 3396.0
4919, 3395.0
4920, 3400.0
4921, 3403.0
4922, 3412.0
4923, 3407.0
4924, 3410.0
4925, 3411.0
4926, 3418.0
4927, 3422.0
4928, 3415.0
4929, 3423.0
4930, 3428.0
4931, 3437.0
4932, 3428.0
4933, 3431.0
4934, 3428.0
4935, 3431.0
4936, 3434.0
4937, 3435.0
4938, 3436.0
4939, 3446.0
4940, 3442.0
4941, 3445.0
4942, 3447.0
4943, 3450.0
4944, 3448.0
4945, 3452.0
4946, 3462.0
4947, 3456.0
4948, 3476.0
4949, 3464.0
4950, 3471.0
4951, 3464.0
4952, 3468.0
4953, 3468.0
4954, 3469.0
4955, 3474.0
4956, 3494.0
4957, 3476.0
4958, 3480.0
4959, 3486.0
4960, 3483.0
4961, 3486.0
4962, 3488.0
4963, 3493.0
4964, 3491.0
4965, 3504.0
4966, 3498.0
4967, 3499.0
4968, 3502.0
4969, 3502.0
4970, 3508.0
4971, 3507.0
4972, 3508.0
4973, 3527.0
4974, 3511.0
4975, 3514.0
4976, 3521.0
4977, 3528.0
4978, 3522.0
4979, 3522.0
4980, 3524.0
4981, 3528.0
4982, 3547.0
4983, 3531.0
4984, 3537.0
4985, 3543.0
4986, 3540.0
4987, 3538.0
4988, 3549.0
4989, 3547.0
4990, 3567.0
4991, 3547.0
4992, 3554.0
4993, 3553.0
4994, 3554.0
4995, 3576.0
4996, 3559.0
4997, 3562.0
4998, 3570.0
4999, 3580.0
